OBJECTID,Name,Layer,Average housing prices,Distance away from CBD,Financial institution density,Retail store density,School density,Park density,Technology companies,Commercial building density,Medical institution density,Road density
233,Andingmen sub district ,neighborhood,135993.75,6.69,2.88,42.04,14.97,28.8,1,42.61,21.31,20.89
268,Anding town,neighborhood,30305.95,33.06,0.18,1.17,0.15,0.6,2,0.1,0.44,5.05
299,Anzhen sub district,neighborhood,126000.93,8.92,27.94,33.34,15.77,13.5,12,36.05,36.5,17.08
280,Olympic Village sub district,neighborhood,79633.91,13.79,6.06,5.75,2.54,6.7,57,8.86,9.33,16.27
78,Babaoshan sub district,neighborhood,52553.02,19.34,13.51,23.19,5.1,22.9,1,10.96,20.39,11.4
18,Badaling town,neighborhood,17553.75,63.65,0.08,0.57,0.03,0.5,0,0.41,0.1,3.39
77,Bajiao sub district,neighborhood,44659.12,22.61,8.56,37.47,11.64,9.4,4,18.74,14.85,9.55
176,Balizhuang sub district,neighborhood,73134.49,2.35,13.85,28.79,16.38,30.2,25,34.02,21.55,20.39
311,Balizhuang sub district,neighborhood,93067.67,15.14,32.26,34.03,6.16,3.1,48,37.05,43.35,33.39
24,Baizhifang sub district,neighborhood,74204.37,9.83,15.43,52.72,9.32,6.4,7,43.4,21.86,16.44
15,Baiquan sub district,neighborhood,19190.68,72.95,5.77,21.88,3.34,9.1,3,10.03,10.94,7.99
315,Baishan town,neighborhood,41770.92,30.6,0.17,1.67,0.49,0.9,2,0.92,0.92,3.29
138,Baoshan town,neighborhood,30691.43,99.02,0.02,0.29,0.02,0.1,1,0.01,0.04,0.56
148,Beifang Town,neighborhood,31081.57,51.3,0.16,1.71,0.35,0.5,6,0.37,1.04,3.93
264,Beijing Economic and Technological Development Zone,neighborhood,44035.74,16.6,2.7,2.16,1.04,3.1,112,7.63,4.2,8.76
119,Beijing Miyun Economic Development Zone,neighborhood,26952.36,56.38,0.77,2.23,0.28,2.1,9,1.68,0.14,5.58
144,Beijing Yanqi Economic Development Zone,neighborhood,30950.24,53.1,0.93,2.07,0.83,3.1,12,2.38,0.21,10
324,Beiqijia town,neighborhood,37503.43,22.75,0.95,3.25,1.69,2.8,16,6.95,3.98,4.68
62,Beishicao town,neighborhood,31440.72,38.71,0.09,1.48,0.09,0.9,2,0.15,0.52,3.7
165,North Taipingzhuang sub district,neighborhood,91386.57,10.91,14.19,34.84,24.88,7.4,25,43.5,21.75,20.12
53,Beiwu town,neighborhood,26394.95,34.3,0.06,2.05,0.22,0.3,3,0.25,0.5,2.95
170,Beixiaguan sub district,neighborhood,95346.66,12.25,22.95,46.73,29.06,16.5,73,48.38,27.91,13.32
71,Beixiaoying town,neighborhood,29936.22,39.96,0.15,1.84,0.21,1.7,3,0.25,0.78,2.5
241,Beixinqiao Subdistrict ,neighborhood,121883.12,5.14,24.35,46.07,8.24,11.2,13,46.07,30.71,20.37
40,Beiyuan sub district,neighborhood,43320.25,14.48,14.95,31.23,9.9,6.6,10,31.01,25.29,10.45
267,Beizang Village town,neighborhood,30284.39,32.11,0.2,1.4,0.66,0.2,4,0.87,1.83,7.07
111,Beizhuang town,neighborhood,18924.93,88.67,0.06,0.36,0.05,0.1,1,0.05,0.07,0.61
97,Binhe sub district,neighborhood,23140.86,59.61,25.79,58.85,6.07,15.2,6,17.6,37.31,6.88
145,Bohai town,neighborhood,32014.02,58.64,0.06,0.53,0.03,0.3,0,0.1,0.11,1.64
113,Bulaotun town,neighborhood,19141.19,88.68,0.02,0.36,0.03,0,0,0.01,0.07,0.39
257,Caiyu town,neighborhood,24548.81,34.93,0.18,2.1,0.29,0.8,2,0.59,0.85,3.96
277,Changying Regional Office,neighborhood,50624.38,11.25,4.97,8.42,4.1,13,11,8.42,19.11,5.71
309,Chaowai Subdistrict ,neighborhood,94132.86,2.55,56.54,59.27,8.21,4.6,16,63.38,53.8,14.21
234,Chaoyangmen Subdistrict ,neighborhood,104519.94,3.89,39.68,80.12,14.5,15.3,6,54.17,66.38,19.7
313,Chengbei sub district,neighborhood,33001.1,40.31,6.98,20.68,7.25,7.6,26,18.08,21.05,10.4
219,Chengguan sub district,neighborhood,20816.39,45.97,0.82,4.12,1.28,3.5,6,2.59,3.83,4.7
318,Chengnan sub district,neighborhood,30022.55,40.59,3.11,7.64,2.44,1.4,12,6.63,6.29,9.99
128,Chengzi sub district,neighborhood,32428.77,31.57,1.07,17.46,4.28,21.4,0,11.76,5.35,7.52
237,Chongwenmenwai sub district,neighborhood,88516.67,4.51,48.28,76.58,7.49,25,4,49.94,99.89,22.97
30,Chunshu sub district,neighborhood,94831.12,7.78,45.76,62.68,7.96,29.8,2,46.76,30.84,17.64
320,Cuicun town,neighborhood,34652.76,39.17,0.05,0.82,0.14,0.3,5,0.77,0.67,2.74
279,Cuigezhuang Regional Office,neighborhood,73492.29,12.99,2.06,3.26,1.58,6.1,16,6.48,3.71,6.63
207,Da'anshan Township,neighborhood,19617.57,57.53,0.06,0.24,0.03,0.3,0,0.02,0.08,2.3
112,Dachengzi town,neighborhood,19629.47,80.62,0.03,0.48,0.02,0.1,0,0.02,0.08,0.73
189,Dahongmen sub district,neighborhood,55263.63,9.48,12.45,26.23,6.96,10.7,6,20.21,24.22,11.4
92,Dahuashan town,neighborhood,22086.75,65.65,0.1,0.72,0.1,0.2,0,0.01,0.21,0.76
217,Dashiwo town,neighborhood,18836.37,68.7,0.11,0.79,0.19,0.7,1,0.11,0.45,3.7
68,Dashungezhuang town,neighborhood,23255.25,42.46,0.1,2,0.1,0.4,1,0.09,0.25,2.12
130,Datai sub district,neighborhood,22405.34,49.07,0.03,0.33,0.03,0.4,0,0.08,0.04,1.93
289,Datun sub district,neighborhood,71766.83,11.07,13.49,11.98,6.95,4,29,20.04,16.21,9.91
88,Daxingzhuang town,neighborhood,23239.51,56.17,0.2,2.76,0.53,1.2,0,0.37,0.89,2.5
9,Dayushu town,neighborhood,18364.03,69.09,0.05,1.16,0.17,0.2,1,0.5,0.28,1.87
127,Dayu sub district,neighborhood,37693,30.86,12.61,57.92,6.84,19.2,2,21.8,24.15,9.58
25,Dazhalan Subdistrict ,neighborhood,115249.99,6.83,15.7,39.25,11.77,47.1,1,41.6,14.13,22.77
13,DAZHUANGKE Township,neighborhood,31546.64,61.07,0.03,0.59,0.01,0.1,0,0.03,0.05,1.32
31,Desheng sub district,neighborhood,110279.63,9.22,31.15,43.47,10.14,12.1,40,52.65,31.64,15.94
285,Dongba Regional Office,neighborhood,56525.88,9.61,1.4,4.27,1.68,3.7,2,4.88,4.39,7.21
292,Dongfeng Regional Office,neighborhood,73828.1,4.94,6.05,13.75,3.99,9.6,3,12.51,11.41,10.31
204,Dongfeng sub district,neighborhood,18983.43,45.58,0.31,3.25,0.56,1.2,1,1,1.19,3.66
98,Donggao Village town,neighborhood,23338.87,56.5,0.16,1.44,0.2,0.7,1,0.11,0.46,3.13
187,Donggaodi sub district,neighborhood,44581.32,13.13,6.61,19.55,5.18,11.5,1,8.91,10.35,7.56
238,Donghuashi sub district,neighborhood,94985.69,3,31.93,58,8.51,47.9,5,37.78,37.78,19.25
232,Donghuamen Subdistrict ,neighborhood,112357.87,5.37,19.4,25.74,8.02,14.9,16,31.71,22.01,17.39
110,Dongshaoqu town,neighborhood,22242.37,57.93,0.03,0.48,0.03,0.2,0,0.06,0.09,0.51
152,Dongsheng Regional Office,neighborhood,73159.88,16.74,5.4,9.32,3.19,12.3,30,10.67,4.66,11.42
242,Dongsi Subdistrict ,neighborhood,110530.32,4.27,47.85,31.66,7.04,14.1,5,40.11,40.81,18.33
201,Dongtiejiangying sub district,neighborhood,54483.44,7.26,12.28,30.05,10.02,1.9,25,43.46,46.11,11.23
330,Dongxiaokou Regional Office,neighborhood,52693.44,20.05,0.22,4.8,1.01,4.5,3,5.58,1.4,6.68
125,Dongxinfang sub district,neighborhood,32541.2,33.8,0.8,11.99,1.44,4.8,0,4.48,2.88,6.05
235,Dongzhimen sub district,neighborhood,103142.01,4.14,47.53,47.04,13.72,19.6,16,58.8,42.14,15.56
308,Dougezhuang Regional Office,neighborhood,44841.96,9.58,0.78,4.69,1.14,6.4,4,4.55,4.12,5.49
229,Doudian town,neighborhood,20288.48,43.08,0.57,2.05,0.81,1.4,5,1.1,1.87,6.25
276,Fangtou sub district,neighborhood,50328.17,7.37,3.2,25.89,6.41,19.7,1,12.82,13.07,9.59
181,Fangzhuang Regional Office,neighborhood,55564.53,5.97,28.31,40.14,11.82,12.4,11,23.65,22.09,15.4
182,Fengtai sub district,neighborhood,53075.87,16.74,5.11,28.04,5.5,3.9,11,21.62,13.24,14.18
101,Fengjiayu town,neighborhood,21522.37,94.61,0.01,0.27,0.01,0,0,0,0.04,0.75
215,Fozizhuang Township,neighborhood,19778.03,52.22,0.01,0.23,0.03,0.1,0,0.01,0.03,1.6
155,Ganjiakou Subdistrict ,neighborhood,100372.4,12.68,20.45,28.59,7.84,7.7,35,36.59,19.68,12.14
275,Gaobeidian Regional Office,neighborhood,51497.41,5.17,6.46,17.04,2.73,5.3,77,20.31,14.71,13.81
70,Gaoliying town,neighborhood,34396.96,28.32,0.36,2.43,0.26,2.8,10,1.23,1.79,3.41
121,Gaoling town,neighborhood,18766.89,96.05,0.01,0.48,0.08,0.1,0,0.02,0.09,0.47
227,Gongchen sub district,neighborhood,28374.11,33.05,3.57,9.19,3.67,7.9,15,8.64,9.73,9.12
120,Gubeikou town,neighborhood,18263.42,104.42,0.07,0.75,0.06,0.7,0,0.44,0.12,1.73
76,Gucheng sub district,neighborhood,39129.04,24.92,2.51,9.92,1.09,6.1,7,8.7,5.03,10.9
107,Gulou sub district,neighborhood,22747.76,61.17,9.94,21.88,2.98,11.5,8,11.55,22.1,8.54
252,Guanyinsi sub district,neighborhood,33559.19,21.06,1.73,7.26,2.01,1.4,0,3.74,3.74,7.48
290,Guanzhuang Regional Office,neighborhood,45012.52,10.99,2.4,11.9,4.22,6.7,17,10.65,9.21,10.47
58,Guangming sub district,neighborhood,37874.51,29.46,12.17,31.87,7.54,14.6,0,10.95,17.76,9.71
33,Guang'an mennei sub district,neighborhood,88622.68,9.22,13.84,60.24,14.25,20.4,6,40.3,20.76,18.52
26,Guang'anmenwai sub district,neighborhood,72238.43,11.49,19.31,39.52,9.74,21.7,8,42.04,33.02,13.55
82,Guangning sub district,neighborhood,33888.6,28.38,1.05,6.15,0.7,7,0,3.34,2.81,10.91
262,National new media industry base,neighborhood,41141.91,19.09,6.67,3.47,2.4,2.7,17,19.75,6.14,7.93
104,Orchard sub district,neighborhood,23416.69,60.54,10.03,30.95,4.8,19.6,1,12.86,20.93,6.82
156,Haidian sub district,neighborhood,119199.81,15.67,36.28,43.04,20.56,14.7,153,43.33,33.19,18.1
214,Hancunhe town,neighborhood,19061.07,59.14,0.11,0.85,0.25,0.8,1,0.19,0.38,3.97
303,Heping Street sub district,neighborhood,94994.94,7.47,18.82,30.86,12.65,9.3,46,55.54,25.3,16.13
230,Hepingli sub district,neighborhood,118976.84,7.27,25.74,44.34,8.79,18.4,23,42.29,27.38,12.04
190,Heyi sub district,neighborhood,43256.26,12.13,1.07,11.6,1.93,8.6,0,6.88,5.59,7.69
202,Hebei town,neighborhood,19727.46,44.46,0.07,0.82,0.14,0.1,0,0.16,0.26,2.48
103,Henan Zhai town,neighborhood,25676.12,54.94,0.11,1.65,0.14,0.5,1,0.09,0.64,1.56
270,HEIZHUANGHU District Office,neighborhood,42021.27,12.12,0.58,5.17,0.62,3.7,0,2.4,1.57,4.31
73,Houshayu District Office,neighborhood,43939.41,22.95,0.8,2.24,0.84,3.8,4,2.94,2.38,6.44
295,Hujialou sub district,neighborhood,78261.03,1.11,92.24,47.51,14.56,17.3,30,54.79,63.46,17.01
195,Huaxiang District Office,neighborhood,50246.59,16.66,2.06,5.86,1.43,3.1,21,6.72,4.54,10.04
162,Huayuan road sub district,neighborhood,92388.94,11.79,18.8,34.27,88.93,15.8,66,39.33,30.17,19.56
139,Huaibei town,neighborhood,28393.9,65.47,0.08,0.56,0.08,0.2,1,0.31,0.21,2.74
141,Huairou Regional Office,neighborhood,31930.87,50.82,0.62,2.7,0.43,2.2,2,1.27,2.03,4.4
261,Huangcun District Office,neighborhood,33539.98,23.99,0.59,3.08,1.08,2.4,6,1.92,2.15,8.03
99,Huangsongyu Township,neighborhood,20754.72,76.96,0.06,0.51,0.09,0.3,0,0.14,0.09,0.5
322,Huilongguan Regional Office,neighborhood,54850.02,24.02,4.53,9.87,3.87,6.2,64,9.06,14.74,10.31
41,Fuxian town,neighborhood,31800.66,34.91,0.16,1.89,0.29,0.8,4,0.28,0.64,2.5
326,Huoying sub district,neighborhood,49021.78,21.16,3.89,18.74,5.03,2.3,1,8.69,16.23,10.66
236,Jianguomen sub district,neighborhood,100233.2,3.6,50.27,48.11,8.62,10.8,11,40.21,26.93,19.77
286,Jianwai sub district,neighborhood,81600.16,1.14,103.57,30.94,4.86,15.3,60,59.07,65.98,21.06
301,Jiangtai Regional Office,neighborhood,63323.26,7.88,3.41,6.38,2.8,15.7,15,9.87,7.34,9.31
244,Jiaodoukou Subdistrict ,neighborhood,129924.35,6.07,11.45,49,11.45,6.4,2,38.82,31.18,16.69
74,Jinding Street sub district,neighborhood,40423.25,26.03,2.8,20.62,3.31,10.2,0,15.27,14,12.03
90,Jinhai Lake Regional Office,neighborhood,20699.33,78.22,0.06,0.76,0.06,0.3,0,0.11,0.2,2.35
27,Financial Street sub district,neighborhood,116753.64,8.78,108.26,52.56,8.37,10.5,15,55.18,23.8,17.49
274,Jinzhan Regional Office,neighborhood,49188.8,13.72,0.34,2.55,0.72,2.8,6,3.02,1.85,4.52
302,Jinsong sub district,neighborhood,62892.36,2.72,24.25,31.03,9.39,10.4,22,35.72,41.46,11.36
2,Jingzhuang town,neighborhood,24005.02,64.08,0.03,0.65,0.05,0.2,1,0.13,0.06,0.79
239,Jingshan Subdistrict ,neighborhood,117884.38,5.62,4.81,66.03,9.63,20.6,0,39.89,17.88,16.32
137,Jiuduhe town,neighborhood,34163.06,55.87,0.08,0.45,0.03,0.1,1,0.07,0.1,1.22
310,Jiuxianqiao sub district,neighborhood,66061.48,7.65,13.03,25.05,5.09,12.2,49,39.92,15.07,13.71
260,Jiugong District Office,neighborhood,40934.52,13.49,1.91,4.37,1.5,7.2,10,5.94,6.25,6.16
11,Jiuxian town,neighborhood,24219.95,81.6,0.05,0.67,0.06,0.2,0,0.05,0.14,1.21
102,Jugezhuang town,neighborhood,21069.62,68.82,0.07,0.74,0.09,0.2,0,0.08,0.24,1.25
126,Junzhuang town,neighborhood,28763.31,31.65,0.12,1.02,0.15,0.3,0,0.39,0.33,4.53
10,Kangzhuang town,neighborhood,20361.92,74.79,0.19,1.35,0.17,0.7,5,0.34,0.31,1.84
64,Airport sub district,neighborhood,53978.52,19.84,2.24,5.09,1.29,3.4,17,7.22,6.58,9.98
143,Labagoumen Manchu Township,neighborhood,27235.88,116.43,0.01,0.17,0.01,0.1,0,0.01,0.03,0.61
306,Laiguangying Regional Office,neighborhood,65005.94,13.97,3.3,7.45,2.83,8.5,33,10.19,8.16,9.29
79,Laoshan sub district,neighborhood,50037.73,19.93,3.25,19.51,5.11,9.3,5,9.99,3.95,10.32
46,Liyuan District Office,neighborhood,40296.45,16.52,4.46,9.57,3.8,5.2,7,9.72,12.91,8.15
254,Lixian town,neighborhood,33761.12,40.34,0.16,1.08,0.17,0.2,2,0.21,0.21,6.62
60,Liqiao town,neighborhood,29569.16,24.31,0.19,2,0.27,0.5,6,1.24,1.56,3.48
72,Lishui Town,neighborhood,31793.81,32.03,0.07,2.02,0.1,0.2,3,0.55,0.55,2.5
223,Liangxiang District Office,neighborhood,25846.11,37.27,0.15,2.15,0.46,1.2,4,1.15,1.15,5.87
255,Linxiao road sub district,neighborhood,34219.18,24.52,5.87,41.71,6.95,6.5,1,13.03,18.68,10.95
3,Liu binbao Township,neighborhood,33313.9,77.61,0.02,0.34,0.02,0.1,0,0.03,0.04,0.41
87,Liujiadian town,neighborhood,22346.48,58.57,0.08,1.25,0.08,0.3,0,0.06,0.45,0.98
331,Liucun town,neighborhood,26390.07,50.36,0.01,0.33,0.06,0,1,0.05,0.09,1.8
203,Liulihe regional office,neighborhood,19964.95,45.76,0.15,1.25,0.27,0.8,1,0.38,0.81,4.89
149,LIULIMIAO town,neighborhood,28147.93,78.1,0.01,0.32,0,0.1,0,0.05,0.04,0.93
305,Liulitun sub district,neighborhood,65419.25,2.54,10.98,36.62,9.46,18.3,6,25.94,28.68,11.58
131,Longquan Regional Office,neighborhood,31502.15,33.55,0.45,3.21,0.4,1.9,2,1.39,0.99,4.54
146,Longshan Subdistrict ,neighborhood,32166.88,47.29,20.72,40.11,2.92,8,1,17,28.42,12.1
240,Longtan sub district,neighborhood,74373.35,4.2,10.26,39.4,9.6,19.9,7,30.46,18.54,9.65
63,Longwantun town,neighborhood,22451.74,49.87,0.07,0.87,0.07,0.5,0,0.1,0.31,3.68
200,Lugouqiao Regional Office,neighborhood,51767.79,17.11,5.56,10.13,2.22,8.9,21,11.43,7.68,11.43
183,Lugouqiao sub district,neighborhood,51031.88,17.22,9.1,22.85,6.07,5.1,25,24.06,14.86,12.1
80,Lugu sub district,neighborhood,47609.69,21.36,9.14,21.78,2,8.3,9,15.46,14.47,9.09
39,Lucheng town,neighborhood,41189.82,26.25,0.38,3.73,0.45,3.7,0,0.91,0.8,4.85
100,Machangying town,neighborhood,22915.21,50.84,0.31,2.47,0.42,0.3,1,0.35,0.73,1.41
319,Machikou Regional Office,neighborhood,30365.86,39.07,0.28,1.78,0.81,0.8,11,0.94,1.17,6.43
91,Mafang Regional Office,neighborhood,22938.81,48.32,0.37,2.3,0.4,1.3,2,0.91,0.69,3.8
193,Majiabao sub district,neighborhood,61539.46,11.18,11.27,21.84,5.98,11.5,14,22.76,25.29,13.06
37,Majuqiao town,neighborhood,27064.33,22.79,0.39,3.04,1.06,2,31,2.25,1.95,4.51
175,Malianwa sub district,neighborhood,82598.15,21.33,5.12,9.21,6.42,8.4,27,13.49,12.19,11.17
54,Mapo Regional Office,neighborhood,28319.25,31.92,0.84,4.03,0.68,2.3,4,1.44,2.74,2.02
307,Maizidian sub district,neighborhood,73025.26,4,20.49,13.2,2.95,12.4,31,22.98,20.18,17.83
105,Miyun Town,neighborhood,22527.89,62.49,0.39,4.39,1.02,3.9,0,2.12,1.73,5.71
134,Miaofengshan town,neighborhood,23046.64,40.33,0.04,0.54,0.02,0.6,1,0.09,0.08,2.73
136,Miaocheng Regional Office,neighborhood,31984.78,43.62,0.32,3.39,0.45,0.6,7,1.15,1.7,4.89
61,Mulin town,neighborhood,26036.53,46.36,0.06,1.37,0.14,0.1,2,0.11,0.6,2.31
117,Mujiayu town,neighborhood,19769.15,71.95,0.04,0.78,0.09,0.2,0,0.11,0.21,1.58
67,Nancai town,neighborhood,32677.33,34.91,0.39,2.86,0.44,1.8,3,1.24,1.28,3.59
84,Nandulehe town,neighborhood,21263.44,70.59,0.09,0.69,0.16,0.1,0,0.06,0.36,1.82
57,South Fassin Regional Office,neighborhood,26709.9,26.79,1.45,3.04,0.29,1.9,5,4.14,2.17,6.08
210,Nanjiao Township,neighborhood,19639.13,55.19,0.05,0.35,0.05,0.3,0,0.03,0.1,2.18
328,Nankou Regional Office,neighborhood,24799.09,51.7,0.11,0.66,0.17,0.3,1,0.41,0.4,2.91
269,Nanmofang Regional Office,neighborhood,69373.38,3.71,11.04,14.43,9.18,14.2,19,21.86,21.32,14.14
314,Nanshao town,neighborhood,41424.95,37.53,0.14,2.58,0.39,2.8,8,2.19,1.39,5.37
185,Nanyuan District Office,neighborhood,48020.84,11.89,1.43,5.39,0.99,9.9,4,5.77,2.31,8.36
194,Nanyuan sub district,neighborhood,41428.98,14.66,0.8,6.04,1.94,2.3,0,3.99,3.76,5.4
19,Niujie sub district,neighborhood,85862.29,9.45,38.29,66.14,11.14,7,3,48.04,33.42,19.44
49,Niulanshan District Office,neighborhood,31835.99,38.54,0.3,3.59,0.76,1.1,2,1.41,1.43,2.78
283,Panjiayuan Subdistrict ,neighborhood,61702.94,3.99,15.63,42.02,15.28,3.5,3,34.72,35.76,11.63
251,Panggezhuang town,neighborhood,30563.38,37.14,0.24,1.31,0.26,0.5,3,0.6,0.64,6.2
281,Bungalow Regional Office,neighborhood,58337.2,6.6,4.03,8.86,2.45,9.9,10,8,10.84,7.84
81,Apple garden sub district,neighborhood,43842.06,23.85,3.26,9.78,1.87,9,12,9.36,4.86,11.23
224,Puwa Township,neighborhood,19679.33,82.57,0.01,0.24,0.03,0.1,0,0.01,0.02,1.37
1,Qianjiadian town,neighborhood,33709.23,89.76,0,0.15,0.01,0,0,0.01,0.02,0.34
246,Qianmen sub district,neighborhood,98857.21,5.71,13.29,38.92,6.65,38,0,26.58,18.99,25.84
142,Qiaozi town,neighborhood,30220.42,46.22,0.08,0.85,0.09,0.9,2,0.22,0.3,1.5
209,Qinglonghu town,neighborhood,22269.49,37.88,0.09,0.88,0.24,0.9,0,0.37,0.43,5.01
178,Qinglongqiao Subdistrict ,neighborhood,85994.4,19.56,1.7,4.58,1.6,1.6,1,4.79,3.67,7.25
249,Qingyundian town,neighborhood,35601.07,24.47,0.16,2.46,0.54,0.3,2,0.23,0.98,6.04
180,Qinghe sub district,neighborhood,75547.09,18.8,5.33,16.31,5.01,8.5,38,21.11,16.2,14.09
173,Qinghuayuan sub district,neighborhood,103842.09,15.91,16.49,8.53,72.77,14.2,48,26.44,6.82,21.57
123,Clearwater ,neighborhood,19768.64,77.12,0.01,0.2,0.01,0,0,0.02,0.04,0.97
253,Qingyuan sub district,neighborhood,41212.34,20.82,10.15,20.99,8.1,18.3,8,13.12,23.16,11.77
135,Quanhe sub district,neighborhood,32119.83,50.12,12.25,41.02,7.97,5.8,5,15.75,25.08,15.13
66,Renhe District Office,neighborhood,30562.35,28.06,0.57,2.83,0.6,3.1,7,2.08,2.29,4.7
5,Rulin sub district,neighborhood,20002.55,74.96,13.66,51.34,7.1,10.9,0,14.2,28.4,12.24
300,Sanjianfang Regional Office,neighborhood,45332.18,8.11,2.69,14.62,12.17,14,9,20.82,13.22,9.77
272,Sanlitun sub district,neighborhood,81110.31,3.2,31.86,28.07,8.2,9.5,13,46.68,36.59,15.72
323,Shahe Regional Office,neighborhood,43540.94,29.61,0.52,2.83,1.93,3.2,18,6.94,3.8,6.77
89,Shandong Zhuang Town,neighborhood,22171.24,67.09,0.12,0.97,0.16,0.2,2,0.28,0.41,1.02
153,Shangdi sub district,neighborhood,76139.93,19.75,10.19,12.38,4.99,10.4,118,27.78,9.15,14.65
169,Shangzhuang Regional Office,neighborhood,43110.55,32.41,0.36,3.1,0.73,4.2,5,1.25,1.95,5.87
28,Shichahai sub district,neighborhood,127659.86,7.64,5.66,28.61,7.82,21.6,2,31.44,19.3,16.04
12,Shenjiaying town,neighborhood,22802.71,74.45,0.1,2.17,0.13,0.7,0,0.23,0.39,1.85
55,Shengli sub district,neighborhood,40392.52,28.95,26.98,54.74,5.01,23.1,2,17.35,45.87,9.8
298,Shibalidian Regional Office,neighborhood,47485.85,7.73,3.38,7.69,2.13,5.2,16,10.18,9.54,7.39
213,Shidu town,neighborhood,19679.48,78.71,0.02,0.31,0.03,0.2,0,0.17,0.06,0.89
108,Shilibao town,neighborhood,29076.4,55.95,0.43,3.02,0.47,1.3,6,0.77,1.4,3.45
312,Ming Tombs town,neighborhood,31472.94,49.64,0.06,0.95,0.16,0.1,0,0.23,0.28,2.01
109,Shicheng Town,neighborhood,23673.5,81.41,0.01,0.23,0.01,0,0,0.06,0.03,0.77
205,Shilou town,neighborhood,18658.62,50.06,0.12,1.02,0.31,0.9,2,0.4,0.8,5.63
52,Shiyuan sub district,neighborhood,30015.49,27.97,16.07,40.65,3.78,9.5,2,9.77,23,11.26
228,Shijiaying Township,neighborhood,19360.49,66.33,0.03,0.19,0.03,0.1,0,0.01,0.03,1.86
291,Capital airport sub district,neighborhood,40475.97,21,3.4,4.73,0.95,0.9,0,4.82,3.12,8.65
154,Shuguang sub district,neighborhood,81011.37,16.35,16.5,16.86,5.5,22,38,18.51,28.96,14.52
51,Shuangfeng sub district,neighborhood,33985.22,33.7,1.46,4.02,0.87,1.2,4,2.52,3.15,4.5
271,Shuangjing sub district,neighborhood,76499.06,1.65,25.95,19.36,7.38,10,23,37.32,47.9,12
17,Sihai town,neighborhood,35001.24,70.02,0.01,0.29,0.02,0.1,0,0.06,0.07,0.41
168,Sijiqing Regional Office,neighborhood,67779.76,20.3,1.4,5,1.54,5.1,17,5.3,3.48,9.97
44,Songzhuang town,neighborhood,36407.4,21.56,0.4,2.34,0.8,2,16,1.79,1.16,4.19
172,Sujiatuo Regional Office,neighborhood,37972.47,35.03,0.21,1.53,0.56,1.5,12,0.78,0.63,6.7
296,Sunhe Regional Office,neighborhood,54035.53,16.46,0.4,1.91,0.34,3.1,2,2.19,0.65,5.35
48,Taihu town,neighborhood,32996.63,16.32,0.57,2.24,0.7,2.2,12,2.52,1.19,4.71
192,Taipingqiao sub district,neighborhood,70541.5,12.76,24.86,32.81,6.96,17.4,26,29.33,15.91,13.09
115,Taishitun town,neighborhood,18657.08,91.5,0.05,0.47,0.04,0.1,0,0.05,0.19,0.76
293,Taiyanggong District Office,neighborhood,76752.61,7.45,13.27,17.46,3.32,20.9,11,18.5,16.76,14.72
122,Tanzhesi town,neighborhood,27093.2,38.92,0.07,0.49,0.06,0.2,1,0.2,0.1,2.83
118,Tanying Regional Office,neighborhood,20996.87,64.2,0.69,8.64,1.38,6.9,0,4.49,4.49,9.01
151,Tanghekou town,neighborhood,27839.27,97.6,0.02,0.28,0.02,0.3,0,0.04,0.04,0.7
32,Taoranting sub district,neighborhood,83549.12,8.25,20.7,31.51,11.76,14.1,1,26.81,32.92,14.7
243,Gymnasium road sub district,neighborhood,75483.46,4.78,6.66,51.22,9.22,25.6,2,44.57,23.56,19.35
263,Tiangongyuan sub district,neighborhood,32542.62,28.37,0.34,2.87,0.27,0.7,4,1.71,0.75,5.89
23,Tianqiao sub district,neighborhood,97344.35,7.26,21.94,32.44,9.06,14.3,0,31.01,37.68,17.46
231,Tiantan sub district,neighborhood,88422.86,5.98,3.96,29.44,6.19,12.4,3,12.62,15.83,11.16
329,Tiantongyuan North sub district,neighborhood,40948.51,18.87,7.89,13.71,6.23,10.4,7,6.85,19.31,8.67
321,Tiantongyuan South sub district,neighborhood,54439.5,17.05,9.75,16.37,5.7,9.2,6,11.96,28.32,8.5
59,Tianzhu Regional Office,neighborhood,40218.8,19.72,1.5,2.49,0.17,1.2,1,1.83,1.16,6.67
157,Tiancun road sub district,neighborhood,59785.65,18.71,4.88,18.21,3.83,11.9,7,17.68,15.97,11.37
294,Tuanjie Lake sub district,neighborhood,87143.47,1.94,17.84,66.49,14.6,8.1,6,44.6,37.3,18.42
184,Wanpingcheng Regional Office,neighborhood,37823.39,21.07,0.67,3.79,0.57,7.8,6,2.33,1.71,9.37
160,Wanliu Regional Office,neighborhood,96090.91,19.04,0.41,6.84,1.24,10.4,0,1.45,1.66,8.15
167,Wanshou Road sub district,neighborhood,72023.72,15.97,12.62,19.05,5.52,9,17,23.55,20.96,13.8
133,Wang Ping regional office,neighborhood,21439.02,42.81,0.06,1.17,0.06,0.2,0,0.25,0.17,2.34
297,Wangsiying Regional Office,neighborhood,51115.52,6.53,1.61,6.39,1.3,6.2,3,8.13,4.72,8.99
93,Wangxinzhuang town,neighborhood,23065.84,61.64,0.24,1.63,0.37,0.5,2,0.32,0.57,1.02
186,Wangzuo town,neighborhood,33496.21,31.3,0.27,0.85,0.39,2.7,0,0.81,1.17,6.09
69,Wangquan sub district,neighborhood,26250.11,26.62,3.17,8.54,1.99,3.7,6,4.27,8.61,7.37
284,Wangjing sub district,neighborhood,79055.03,8.8,14.03,18.43,9.22,21.5,39,19.05,30.11,16.98
304,Wangjing Kaifa sub district,neighborhood,83176.42,11.02,15.47,16.66,6.9,14.3,23,23.08,17.84,16.08
250,Weishanzhuang town,neighborhood,34059.41,29.65,0.16,1.5,0.22,1.7,0,0.37,0.72,6.7
158,Hot spring Regional Office,neighborhood,50278.81,28.57,0.63,3.26,1.24,3.6,18,3.78,1.93,8.38
75,Wulituo sub district,neighborhood,34169.1,27.81,0.2,2.62,0.57,2,1,1.52,0.94,6.91
159,Northwest Wang District Office,neighborhood,67211.29,25.47,0.75,2.63,1.04,3.1,54,4.34,2.06,8.08
265,Xihongmen Regional Office,neighborhood,37514.6,17.89,1.9,6.09,1.53,8.5,8,4.93,5.2,9.07
47,Xiji town,neighborhood,29057.89,35.65,0.14,1.91,0.22,1.2,2,0.2,0.36,2.89
211,Xilu sub district,neighborhood,28472.19,35.47,5.54,15.69,3.04,5.5,2,8.4,12.73,6.93
188,Xiluoyuan sub district,neighborhood,58858.43,9.42,13.29,34.62,8.39,10.5,1,30.77,24.48,13.48
164,Xisanqi sub district,neighborhood,67413.89,18.47,4.31,21.92,5.95,11.7,17,20.05,14.11,8.02
116,Hetian Gezhuang town,neighborhood,26231.98,64.24,0.09,0.83,0.06,0.1,3,0.15,0.22,1.77
20,West Chang'an Street sub district,neighborhood,123682.11,7.23,11.26,21.59,3.75,9.4,1,19,12.44,17.26
106,Xiwengzhuang town,neighborhood,17819.64,72.08,0.09,0.63,0.11,0.7,4,0.23,0.22,1.48
226,Xiayunling Township,neighborhood,19683.08,67.25,0,0.2,0.01,0.2,0,0,0.04,1.19
96,Xiagezhuang town,neighborhood,23128.68,64.91,0.12,1.06,0.21,0.3,1,0.26,0.41,2.93
273,Xiangheyuan Subdistrict ,neighborhood,96796.29,6.35,20.91,66.12,11.87,17,7,29.95,34.48,17.19
163,Xiangshan sub district,neighborhood,52804.78,24.96,0.44,2.22,0.4,7.4,0,1.68,1.58,10.9
7,Perfume garden sub district,neighborhood,20328.49,74.74,19.24,54.11,3.61,18,2,12.62,19.84,11.33
6,Xiangying Township,neighborhood,27172.55,84.72,0.02,0.46,0.01,0.3,0,0.02,0.05,0.65
206,Xiangyang sub district,neighborhood,19799.26,48.1,0.33,1.3,0.13,1.3,1,0.85,0.26,4.89
288,Xiaoguan sub district,neighborhood,79717.32,9.07,18.06,31.79,16.09,11.8,15,42.39,28.26,15.33
287,Xiaohongmen Regional Office,neighborhood,50072.21,9.21,1.76,7.13,1.68,6.7,1,5.71,5.45,6.3
317,Xiaotangshan Town,neighborhood,27895.81,28.95,0.17,1.52,0.43,0.9,5,1.66,1.44,5.13
114,Xinchengzi town,neighborhood,18194.35,111.24,0.04,0.37,0.03,0.1,0,0.03,0.05,0.52
199,Xincun sub district,neighborhood,55532.98,16.51,13.96,18.47,4.88,10.3,91,37.02,17.44,9.97
36,Xinhua sub district,neighborhood,42539.79,16.41,12.88,29.58,1.43,14.3,8,17.17,6.2,14.45
29,Xinjiekou sub district,neighborhood,113765.97,9.23,21.81,53.02,15.74,8.3,8,44.73,31.48,19.86
220,Xinzhen sub district,neighborhood,24214.14,40.07,2.09,5.75,1.57,5.2,0,3.66,3.66,6.13
222,Xingcheng sub district,neighborhood,25222.45,41.05,6.38,45.69,3.19,21.3,0,6.38,11.69,13.81
259,Xingfeng sub district,neighborhood,39004.71,22.7,18.53,43.38,17.69,4.2,1,18.95,30.32,12.51
85,Xinggu sub district,neighborhood,23267.3,62.1,3.56,13.54,2.65,3.1,4,4.78,10.89,4.75
325,Xingshou town,neighborhood,26334.77,36.53,0.05,1.12,0.16,0.5,3,0.57,0.61,4.07
95,Xiong'erzhai Township,neighborhood,20902.38,71.8,0.02,0.41,0.02,0.2,0,0.02,0.07,0.6
166,Xueyuan Road sub district,neighborhood,94148.11,13.9,7.98,19.72,30.87,20,61,27.82,12.33,18.49
282,Asian Games Village sub district,neighborhood,86104.51,10.42,18.6,22.24,5.37,15.3,28,26.07,19.75,18.05
14,Yanqing town,neighborhood,20316.46,75.91,1.78,7.07,0.95,3.7,7,2.08,2.96,5.07
327,Yanshou town,neighborhood,34395.73,47.33,0.05,0.35,0.02,0.1,0,0.03,0.09,0.55
218,Yancun town,neighborhood,24378.05,39.78,0.67,3.09,1.28,1.5,5,1.91,2.42,6.59
124,Yanji town,neighborhood,24523.9,55.14,0.02,0.22,0.02,0,0,0.02,0.01,1.26
140,Yanqi Regional Office,neighborhood,30435.73,62.63,0.07,0.62,0.07,0.5,1,0.29,0.26,1.76
174,Yanyuan Subdistrict ,neighborhood,99812.49,16.41,13.31,12.84,88.91,9.5,14,32.33,6.18,18.86
161,Yangfangdian sub district,neighborhood,79016.62,12.99,18.17,29.93,4.28,13.7,19,31.92,21.23,15
316,Yangfang town,neighborhood,34942.47,38.76,0.15,1.28,0.32,1.2,6,0.39,0.94,6.83
147,Yangsong town,neighborhood,31122.53,45.27,0.29,2.53,0.42,1.6,2,1.31,1.44,4.4
50,Yangzhen District Office,neighborhood,22419.45,40.61,0.17,1.86,0.18,0.6,1,0.35,0.59,1.88
256,Yizhuang Regional Office,neighborhood,43163.48,13.33,1.51,6.32,1.45,3.3,12,7.63,4.93,7.8
216,Yingfeng sub district,neighborhood,20663.68,47.31,2.67,8.52,1.65,5.1,0,3.31,5.34,5.62
247,Yinghai Regional Office,neighborhood,41382.32,17.67,0.82,3.05,0.82,3.3,3,3.16,2.07,5.9
132,Yongding Regional Office,neighborhood,30541.53,35.4,0.61,2.65,0.49,3.7,10,2.05,1.41,5.06
171,Yongding Road sub district,neighborhood,66086.02,17.21,6.47,49.79,2.59,6.5,1,18.11,33.63,5.84
245,Yongdingmenwai sub district,neighborhood,56945.83,7.6,8.26,42.48,7.96,29.5,3,26.55,15.04,14.85
38,Yongledian town,neighborhood,26682.41,39.15,0.13,1.28,0.16,0.9,3,0.19,0.46,2.93
8,Yongning Town,neighborhood,29778.64,70.58,0.08,0.75,0.03,0.2,0,0.1,0.26,0.76
43,Yongshun Regional Office,neighborhood,41133.44,16.71,1.83,8.03,2.61,6.3,10,8.45,7.91,8.83
197,YouAnMen sub district,neighborhood,61855.2,10.18,16.04,32.99,9.99,12.1,8,25.12,18.16,20.54
34,Yujiajia Hui nationality township,neighborhood,26142.72,31.84,0.18,1.66,0.23,0.9,0,0.52,0.29,3.36
86,Yuyang District Office,neighborhood,23200.82,58.11,2.46,5.87,2.04,3.7,2,1.94,3.56,4.88
248,Yulong town,neighborhood,31510.66,47.01,0.15,0.91,0.18,0.4,2,0.38,0.3,5.98
45,Yuqiao sub district,neighborhood,43950.89,18.24,6.37,26.92,6.73,21.8,4,16.19,16.74,10.04
83,Yukou District Office,neighborhood,22611.11,53.9,0.11,1.24,0.3,0.5,2,0.17,0.5,1.23
21,Yuetan sub district,neighborhood,102278.28,10.42,34.79,55.23,10.95,12.2,4,46.47,28.22,13.86
196,Yungang sub district,neighborhood,37182.4,28.72,2.21,6.08,1.38,1.4,0,4.15,4.01,8.65
129,Zhaitang town,neighborhood,21919.95,66.13,0.01,0.21,0.02,0,0,0.01,0.02,1.28
22,Zhanzhan road sub district,neighborhood,108467.48,10.75,36.2,35.3,9,36,36,47.9,25.93,16.03
225,Zhangfang town,neighborhood,19291.4,71.09,0.04,0.39,0.08,0.1,0,0.05,0.28,1.76
35,Zhangjiawan Town,neighborhood,36792.18,23.39,0.23,2.56,0.55,1.7,9,0.71,1.02,3.88
16,Zhangshanying town,neighborhood,22379.71,85.52,0.03,0.43,0.04,0.3,0,0.1,0.06,1.45
65,Zhangzhen,neighborhood,22031.13,47.61,0.13,2.6,0.15,0.2,1,0.39,0.67,1.81
221,Changgou ,neighborhood,18649.65,62.72,0.18,1.44,0.26,1.5,0,0.33,1,5.66
150,Changshaoying Manchu Township,neighborhood,24406.08,104.46,0.01,0.2,0.01,0,0,0.01,0.02,0.74
191,Changxindian sub district,neighborhood,33855.39,25.06,1.93,6.61,2.94,6.4,0,5.51,3.67,9.47
198,Changxindian town,neighborhood,36130.99,26.75,0.56,1.62,0.32,2.4,6,1.51,1.06,7.76
212,Changyang town,neighborhood,32301.26,29.05,0.59,2.27,0.95,2.4,6,2.21,2.38,7.03
258,Changziying town,neighborhood,25055.07,28.84,0.12,2.29,0.27,0.8,3,0.38,0.57,5.52
56,Zhaoquanying town,neighborhood,31818.84,35,0.16,1.79,0.19,0.5,8,0.82,0.9,2.12
4,Pearl spring town,neighborhood,32453.07,78.12,0.01,0.28,0.03,0.1,0,0.01,0.01,0.3
94,Zhenluoying town,neighborhood,20149.29,76.82,0.05,0.75,0.12,0.4,0,0.09,0.14,0.33
42,Zhongcang sub district,neighborhood,41973.39,17.59,11.53,31.17,7.47,8.5,2,20.07,21.57,11.15
266,Zhongguancun National Independent Innovation Demonstration Zone Daxing bio pharmaceutical industry,neighborhood,31455.44,29.34,1.61,3.36,0.29,4.4,12,4.67,5.84,8.91
179,Zhongguancun sub district,neighborhood,101451.29,14.11,23.05,48.94,12.28,15.1,156,44.02,30.23,17.64
208,Zhoukoudian Regional Office,neighborhood,19961.75,54.42,0.07,0.61,0.17,0.5,0,0.23,0.43,2.64
177,Zizhuyuan sub district ,neighborhood,91618.33,14.08,14.25,22.73,24.49,16,79,38.41,18.57,13.98
278,Zuojiazhuang sub district,neighborhood,84450.91,5.28,41.35,32.6,10.87,27.2,20,41.35,31.09,16.67